naziv,sifra,marka,jedinica_mjere,cijena_za_jedinicu_mjere,maloprodajna_cijena,posebni_oblik_prodaje,naziv_posebnog_oblika_prodaje,sidrena_cijena,barkod,dostupnost
Adapter za crijevo za kisik,1036569,Salter,,,1.96,NE,,1.96,,dostupno
Antidekubitalni jastuk za invalidska kolica - 38cm*38cm*6cm,829022.38,Identites,,,69.00,NE,,69.00,,nedostupno
Antidekubitalni jastuk za invalidska kolica - 41cm*39*6cm,829022.41S,Identites,,,69.00,NE,,69.00,,nedostupno
Antidekubitalni jastuk za invalidska kolica - 41cm*41cm*6cm,829022.41,Identites,,,69.00,NE,,69.00,,nedostupno
Antidekubitalni jastuk za invalidska kolica - 43cm*41cm*6cm,829022.43S,Identites,,,69.00,NE,,69.00,,nedostupno
Antidekubitalni jastuk za invalidska kolica - 43cm*43cm*6cm,829022.43,Identites,,,69.00,NE,,69.00,,nedostupno
Antidekubitalni jastuk za invalidska kolica - 45cm*42cm*6cm,829022.45S,Identites,,,69.00,NE,,69.00,,nedostupno
Antidekubitalni jastuk za sjedenje 829013,OXY-829013,Identites,,,56.00,NE,,56.00,,dostupno
Antidekubitalni nadmadrac 823024,OXY-823024,Identites,,,75.00,NE,,75.00,,nedostupno
"Armfit+ tlakomjer s EKG funkcijom , Bluetooth povezivost",OXY-Armfit+,Lepu Medical,,,165.00,NE,,165.00,,dostupno
Aspirator za uši 819150,OXY-819150,Identites,,,10.50,NE,,10.50,,dostupno
Aston tuš stolica/WC,822165,Identites,,,399.00,NE,,399.00,,nedostupno
Azores sklopivo sjedalo za tuš,812298N,Identites,,,99.90,NE,,99.90,,nedostupno
Beurer set od 8 elektroda za TENS,EM49,,,,20.00,NE,,20.00,4211125661021,dostupno
Bočica za kisik 5L,1337/0810081,,,,5.00,NE,,5.00,,dostupno
Contour CPAP jastuk,01MT003,Contour,,,67.79,NE,,67.79,,dostupno
Creative pulsni oksimetar PC-60B1,1265,Creative Medical,,,35.00,NE,,35.00,,dostupno
"Crijevo za kisik 7,6 m",2025,,,,2.90,NE,,2.90,,nedostupno
Daska za sjedenje za kadu Java 812176N,OXY-812176N,Identites,,,58.00,NE,,58.00,,dostupno
Dječja štaka plava 816120.B,OXY-816120.B,Identites,,,17.50,NE,,17.50,,dostupno
Dječja štaka plava 816120.T,OXY-816120.T,Identites,,,17.50,NE,,17.50,,dostupno
Dječja štaka zelena 816120.P,OXY-816120.P,Identites,,,17.50,NE,,17.50,,dostupno
dr.Frei elastični steznik za koljeno - L,S6040L,dr.Frei,,,15.00,NE,,15.00,,dostupno
dr.Frei elastični steznik za koljeno - M,S6040M,dr.Frei,,,15.00,NE,,15.00,,nedostupno
dr.Frei elastični steznik za koljeno - S,S6040S,dr.Frei,,,15.00,NE,,15.00,,nedostupno
dr.Frei elastični steznik za koljeno - XL,S6040XL,dr.Frei,,,15.00,NE,,15.00,,nedostupno
dr.Frei elastični steznik za lakat - L,S8317L,dr.Frei,,,12.00,NE,,12.00,,nedostupno
dr.Frei elastični steznik za lakat - M,S8317M,dr.Frei,,,12.00,NE,,12.00,,dostupno
dr.Frei elastični steznik za lakat - S,S8317S,dr.Frei,,,12.00,NE,,12.00,,nedostupno
dr.Frei elastični steznik za lakat - XL,S8317XL,dr.Frei,,,12.00,NE,,12.00,,nedostupno
dr.Frei elastični steznik za zapešće - L,S8503L,dr.Frei,,,12.00,NE,,12.00,,nedostupno
dr.Frei elastični steznik za zapešće - M,S8503M,dr.Frei,,,12.00,NE,,12.00,,nedostupno
dr.Frei elastični steznik za zapešće - S,S8503S,dr.Frei,,,12.00,NE,,12.00,,nedostupno
dr.Frei elastični steznik za zapešće - XL,S8503XL,dr.Frei,,,12.00,NE,,12.00,,dostupno
dr.Frei Kids dječja mitela za ruku - L,KD910L,dr.Frei,,,40.00,NE,,40.00,,nedostupno
dr.Frei Kids dječja mitela za ruku - M,KD910M,dr.Frei,,,40.00,NE,,40.00,,nedostupno
dr.Frei Kids dječja mitela za ruku - S,KD910S,dr.Frei,,,40.00,NE,,40.00,,nedostupno
dr.Frei Kids dječja ortoza za ručni zglob - L,KD852L,dr.Frei,,,30.00,NE,,30.00,,dostupno
dr.Frei Kids dječja ortoza za ručni zglob - M,KD852M,dr.Frei,,,30.00,NE,,30.00,,dostupno
dr.Frei Kids dječja ortoza za ručni zglob - S,KD852S,dr.Frei,,,30.00,NE,,30.00,,nedostupno
dr.Frei Kids dječja potpora za pravilno držanje - L,KD205L,,,,40.00,NE,,40.00,,dostupno
dr.Frei Kids dječja potpora za pravilno držanje - M,KD205M,,,,40.00,NE,,40.00,,dostupno
dr.Frei Kids dječja potpora za pravilno držanje - S,KD205S,,,,40.00,NE,,40.00,,nedostupno
dr.Frei Kids dječji steznik za gležanj univerzalni,KD710,,,,25.00,NE,,25.00,,dostupno
dr.Frei Kids ortoza za palac - L,KD814L,dr.Frei,,,20.00,NE,,20.00,,dostupno
dr.Frei Kids ortoza za palac - M,KD814M,dr.Frei,,,20.00,NE,,20.00,,dostupno
dr.Frei Kids ortoza za palac - S,KD814S,dr.Frei,,,20.00,NE,,20.00,,nedostupno
dr.Frei Kids podesiva dječja ortoza za koljeno - L,KD658L,dr.Frei,,,45.00,NE,,45.00,,dostupno
dr.Frei Kids podesiva dječja ortoza za koljeno - M,KD658M,dr.Frei,,,45.00,NE,,45.00,,dostupno
dr.Frei Kids podesiva dječja ortoza za koljeno - S,KD658S,dr.Frei,,,45.00,NE,,45.00,,nedostupno
dr.Frei ortoza za koljeno,S6035,dr.Frei,,,45.00,NE,,45.00,,dostupno
dr.Frei ortoza za lakat s dodatnom fiksacijom,S8321,dr.Frei,,,35.00,NE,,35.00,,dostupno
dr.Frei ortoza za leđa,1372,dr.Frei,,,80.00,NE,,80.00,,dostupno
dr.Frei ortoza za leđa univerzalna,FG341,dr.Frei,,,100.00,NE,,100.00,,dostupno
dr.Frei ortoza za patelu s trakom,S6010,dr.Frei,,,20.00,NE,,20.00,,dostupno
dr.Frei ortoza za teniski/golferski lakat,S8322,dr.Frei,,,25.00,NE,,25.00,,nedostupno
dr.Frei ortoza za zapešće - Desna,S8551R,dr.Frei,,,40.00,NE,,40.00,,dostupno
dr.Frei ortoza za zapešće - Lijeva,S8551L,dr.Frei,,,40.00,NE,,40.00,,dostupno
dr.Frei ortoza za zapešće s fiksacijom palca - Desna,S8555R,dr.Frei,,,45.00,NE,,45.00,,dostupno
dr.Frei ortoza za zapešće s fiksacijom palca - Lijeva,S8555L,dr.Frei,,,45.00,NE,,45.00,,dostupno
dr.Frei podesivi steznik za zapešće,Product_6ddeaf8e-3459-4474-bd15-92a33acd9558,dr.Frei,,,9.00,NE,,9.00,,dostupno
dr.Frei stabilizirajuća ortoza za zglob s potporom - L/XL,FG851,dr.Frei,,,45.00,NE,,45.00,,nedostupno
dr.Frei stabilizirajuća ortoza za zglob s potporom - S/M,Product_36fa7243-ca0d-4787-a495-374f3d04283b-S-M,dr.Frei,,,45.00,NE,,45.00,,nedostupno
dr.Frei stabilizirajući steznik za koljeno,1369,dr.Frei,,,35.00,NE,,35.00,,dostupno
dr.Frei steznik za gležanj,S7028,dr.Frei,,,30.00,NE,,30.00,,nedostupno
dr.Frei steznik za patelu koljena univerzalni,FG610,dr.Frei,,,15.00,NE,,15.00,,dostupno
dr.Frei Turbo Base kompresijski inhalator,1411,dr.Frei,,,55.00,NE,,55.00,,dostupno
dr.Frei Turbo Care kompresijski inhalator,1411,dr.Frei,,,65.00,NE,,65.00,,dostupno
Drveni štap Derby Crni  816117.N,OXY-816117.N,Identites,,,17.90,NE,,17.90,,nedostupno
Drveni štap Derby Smeđi,OXY-816117.F,Identites,,,17.90,NE,,17.90,,dostupno
Drzac za kadu 812093,OXY-812093,Identites,,,69.90,NE,,69.90,,dostupno
E-Fold Lite sklopiva električna invalidska kolica,824048,,,,3199.00,NE,,3199.00,,nedostupno
Eco Assist elektromotorni dodatak za invalidska kolica,875037,Rehasense,,,5200.00,NE,,5200.00,,nedostupno
Eko podizno sjedalo za pomoć pri ustajanju - Easy electric,821078,Identites,,,315.00,NE,,315.00,,nedostupno
Eko podizno sjedalo za pomoć pri ustajanju - Eco,821001,Identites,,,115.00,NE,,115.00,,nedostupno
Eko podizno sjedalo za pomoć pri ustajanju - Up Easy,821076,Identites,,,185.00,NE,,185.00,,nedostupno
Eko podizno sjedalo za pomoć pri ustajanju - Up Easy Med,821077,Identites,,,235.00,NE,,235.00,,nedostupno
Ergo Reacher hvataljka 67cm 817067 - 67 cm,OXY-817067,Identites,,,14.50,NE,,14.50,,dostupno
Ergo Reacher hvataljka 67cm 817067 - 76 cm,ergo-reacher-hvataljka-67cm-817067-76-cm,Identites,,,14.50,NE,,14.50,,nedostupno
Ergo štaka Opti Comfort Premium 816047.BLEU,OXY-816047.BLEU,Identites,,,40.00,NE,,40.00,,dostupno
Ergo štaka Opti Comfort Premium 816047.NOIR,OXY-816047.NOIR,Identites,,,40.00,NE,,40.00,,dostupno
Ergo štaka Opti Comfort Premium 816047.VIOLET,OXY-816047.VIOLET,Identites,,,40.00,NE,,40.00,,dostupno
"Fischer & Paykel Eson 2 nazalna maska za potpomognuto disanje, CPAP - L",Product_99abf954-d0fd-440f-8cc9-3736eec9bf38-L,Fischer&Paykel,,,66.00,NE,,66.00,,dostupno
"Fischer & Paykel Eson 2 nazalna maska za potpomognuto disanje, CPAP - M",Product_99abf954-d0fd-440f-8cc9-3736eec9bf38-M,Fischer&Paykel,,,66.00,NE,,66.00,,dostupno
"Fischer & Paykel Eson 2 nazalna maska za potpomognuto disanje, CPAP - S",01MT0019,Fischer&Paykel,,,66.00,NE,,66.00,,dostupno
Fisher & Paykel Brevida™  nazalna pillow CPAP maska - M-L,Product_79218dc0-74d0-418c-9f4f-b32d56b6f920-M-L,Fischer&Paykel,,,115.00,NE,,115.00,,nedostupno
Fisher & Paykel Brevida™  nazalna pillow CPAP maska - XS-S,01MT0014,Fischer&Paykel,,,115.00,NE,,115.00,,nedostupno
Gel ulošci - 35-36,115059.35,,,,35.00,NE,,35.00,,nedostupno
Gel ulošci - 37-38,115038.37,,,,35.00,NE,,35.00,,dostupno
Gel ulošci - 39-40,115038.39,,,,35.00,NE,,35.00,,dostupno
Gel ulošci - 41-42,115038.41,,,,35.00,NE,,35.00,,dostupno
Gel ulošci - 43-44,115038.43,,,,35.00,NE,,35.00,,nedostupno
Gel uložak za petu - 35-37,115058.35,Deramed,,,20.00,NE,,20.00,,dostupno
Gel uložak za petu - 38-40,115058.38,Deramed,,,20.00,NE,,20.00,,dostupno
Gel uložak za petu - 41-44,115058.41,Deramed,,,20.00,NE,,20.00,,dostupno
Gelpro steznik glava 835202,OXY-835202,Identites,,,25.00,NE,,25.00,,dostupno
Gelpro steznik gležanj 835188,OXY-835188,Identites,,,25.00,NE,,25.00,,nedostupno
Gelpro steznik koljeno,835189,Deramed,,,23.00,NE,,23.00,,nedostupno
Gelpro steznik leđa trbuh 835191,OXY-835191,Identites,,,35.00,NE,,35.00,,nedostupno
Gelpro steznik natkoljenica,OXY-835190,Identites,,,27.00,NE,,27.00,,dostupno
Gelpro steznik rame 835192,OXY-835192,Identites,,,35.00,NE,,35.00,,dostupno
Gelpro steznik zapešće palac 835187,OXY-835187,Identites,,,17.00,NE,,17.00,,nedostupno
Greenland toaletni stolac 811187,OXY-811187,Identites,,,90.00,NE,,90.00,,dostupno
Horizon P5 prijenosni koncentrator kisika - 16 ćelija,OXY-R4110021,Scaleo Medical,,,3120.00,NE,,3120.00,,nedostupno
Horizon P5 prijenosni koncentrator kisika - 8 ćelija,OXY-R4110020,Scaleo Medical,,,2629.73,NE,,2629.73,,nedostupno
Horizon S5 stacionarni koncentrator kisika,R21010,Scaleo Medical,,,742.70,NE,,742.70,,dostupno
Ibiza standard wc povišenje 811089,OXY-811089,Identites,,,55.00,NE,,55.00,,dostupno
Jablotron Nanny BM-02 Monitor Disanja za Bebe,BM-02,Jablotron,,,150.00,NE,,150.00,,dostupno
Jablotron Nanny BM03 Monitor Disanja za Bebe,BM-03,Jablotron,,,190.00,NE,,190.00,,nedostupno
Jastuk za noge 855165,OXY-855165,Identites,,,74.90,NE,,74.90,,nedostupno
Kadica za pranje kose 812025,OXY-812025,Identites,,,50.00,NE,,50.00,,dostupno
Lepu Medical R20 CPAP uređaj,R20,Lepu Medical,,,650.00,NE,,650.00,,dostupno
Lowenstein Joyceeasy nazalna CPAP maska - L,Product_699f2afa-7f66-48d9-a03b-b8a6264f4867-L,Löwenstein,,,99.00,NE,,99.00,,dostupno
Lowenstein Joyceeasy nazalna CPAP maska - M,Product_699f2afa-7f66-48d9-a03b-b8a6264f4867-M,Löwenstein,,,99.00,NE,,99.00,,dostupno
Lowenstein Joyceeasy nazalna CPAP maska - S,Product_699f2afa-7f66-48d9-a03b-b8a6264f4867-S,Löwenstein,,,99.00,NE,,99.00,,dostupno
Löwenstein CARA nazalna CPAP maska - M/L,Product_3a3b9474-895a-49e2-91eb-5b41c0f35b2b-M-L,Löwenstein,,,59.00,NE,,59.00,,dostupno
Löwenstein CARA nazalna CPAP maska - S/M,01MT0177,Löwenstein,,,59.00,NE,,59.00,,dostupno
Löwenstein JOYCEone nazalna CPAP maska,01MT0178,Löwenstein,,,99.00,NE,,99.00,,dostupno
Löwenstein Prisma SMART Plus – automatski CPAP uređaj,Product_4709e908-a599-4e09-a0fd-b694b3729a97,Löwenstein,,,780.00,NE,,780.00,,nedostupno
Mekana okretna stolica za kupanje,812010,Identites,,,239.00,NE,,239.00,,nedostupno
Međunožni jastuk 855060,OXY-855060,Identites,,,29.90,NE,,29.90,,dostupno
Moovy transferna tuš stolica,822011,Identites,,,575.00,NE,,575.00,,nedostupno
Moovy transferna tuš stolica s električnim podizanjem,822013,Identites,,,1130.00,NE,,1130.00,,nedostupno
Naslon za leđa 823039,OXY-823039,Identites,,,65.00,NE,,65.00,,dostupno
"Navlaka za tuširanje, cijela noga",115079.JE,Identites,,,19.90,NE,,19.90,,dostupno
"Navlaka za tuširanje, cijela ruka",115079.BR,Identites,,,16.90,NE,,16.90,,dostupno
"Navlaka za tuširanje, noga do koljena",115079.DEJ,Identites,,,18.90,NE,,18.90,,dostupno
"Navlaka za tuširanje, ruka do lakta",115079.AVB,Identites,,,15.90,NE,,15.90,,dostupno
Neo Fold rolator - Maslinasto zelena,826316VERTS,,,,200.00,NE,,200.00,,nedostupno
Neo Fold rolator - Terakota,826316TERRS,,,,200.00,NE,,200.00,,nedostupno
Neo Fun rolator za sve terene,826025,,,,250.00,NE,,250.00,,nedostupno
Neo Smart karbonski rolator - L,826315NOIRL,,,,400.00,NE,,400.00,,nedostupno
Neo Smart karbonski rolator - M,826315NOIR,,,,400.00,NE,,400.00,,nedostupno
Neo XL rolator,826065,,,,229.90,NE,,229.90,,nedostupno
Nosna kanila za kisik,1844,,,,1.50,NE,,1.50,,dostupno
Noćna posuda 801087,801087,Identites,,,10.00,NE,,10.00,,nedostupno
Okrugli stolac za tuš 812014,OXY-812014,Identites,,,49.00,NE,,49.00,,dostupno
OxyHero CPAP crijevo 19 mm,01MT1000,Oxyhero,,,15.00,NE,,15.00,,nedostupno
OxyHero CPAP filter zraka za ResMed AirSense 11,01MT1083,Oxyhero,,,40.00,NE,,40.00,,dostupno
Oxyhero CPAP jastuk,01MT0932,,,,59.74,NE,,59.74,,dostupno
Oxyhero filter zraka za CPAP Philips Dreamstation2,1499,Oxyhero,,,15.00,NE,,15.00,,dostupno
Oxyhero filter zraka za ResMed CPAP uređaje,1498,Oxyhero,,,40.00,NE,,40.00,,dostupno
Oxyhero četka za čišćenje CPAP sustava,01MT1028,Oxyhero,,,17.19,NE,,17.19,,dostupno
Podmetač za kadu - Bež,OXY-818053,Identites,,,24.90,NE,,24.90,,dostupno
Podmetač za kadu - Plava,podmetac-za-kadu-bez-818053-Plava,Identites,,,24.90,NE,,24.90,,dostupno
Poklopac za noćnu posudu,801088,Identites,,,3.00,NE,,3.00,,nedostupno
Primo rolator 4 kotača,OXY-826236,Identites,,,114.98,NE,,114.98,,dostupno
Prisma Aqua CPAP ovlaživač zraka,Product_827fc116-f0f4-4494-8bc1-4d22e788e0d0,Löwenstein,,,185.00,NE,,185.00,,nedostupno
Pulsni oksimetar SP-20,SP-20,Lepu Medical,,,682.50,NE,,682.50,,dostupno
ResMed AirFit F20 for Her – Full Face CPAP maska za žene - M,Product_aa62c887-1153-48a9-8d4a-d3a67faf7d3e-M,ResMed,,,149.00,NE,,149.00,,nedostupno
ResMed AirFit F20 for Her – Full Face CPAP maska za žene - S,01MT0105,ResMed,,,149.00,NE,,149.00,,dostupno
"ResMed AirFit F20, CPAP maska za cijelo lice - L",Product_486f6a49-908b-4e94-8cfd-9362adfeba6d-L,ResMed,,,149.00,NE,,149.00,,dostupno
"ResMed AirFit F20, CPAP maska za cijelo lice - M",Product_486f6a49-908b-4e94-8cfd-9362adfeba6d-M,ResMed,,,149.00,NE,,149.00,,dostupno
"ResMed AirFit F20, CPAP maska za cijelo lice - S",01MT0104,ResMed,,,149.00,NE,,149.00,619498634071,dostupno
ResMed AirFit F30i CPAP maska za cijelo lice - Small okvir sa small jastučićem,Product_3cf735c8-0216-43e9-b43e-79b1062566b8-Small-okvir-sa-small-jastucicem,ResMed,,,160.00,NE,,160.00,,nedostupno
ResMed AirFit F30i CPAP maska za cijelo lice - Standard okvir s large jastučićem,Product_3cf735c8-0216-43e9-b43e-79b1062566b8-Standard-okvir-s-large-jastucicem,ResMed,,,160.00,NE,,160.00,,nedostupno
ResMed AirFit F30i CPAP maska za cijelo lice - Standard okvir s medium jastučićem,Product_3cf735c8-0216-43e9-b43e-79b1062566b8-Standard-okvir-s-medium-jastucicem,ResMed,,,160.00,NE,,160.00,,dostupno
ResMed AirFit F40 CPAP maska za cijelo lice - Small okvir s medium jastučićem,Product_0421fd45-acbd-4dc6-8ebc-d9d6ffe46128-Small-okvir-s-medium-jastucicem,ResMed,,,165.00,NE,,165.00,,nedostupno
ResMed AirFit F40 CPAP maska za cijelo lice - Standard okvir s large jastučićem,Product_0421fd45-acbd-4dc6-8ebc-d9d6ffe46128-Standard-okvir-s-large-jastucicem,ResMed,,,165.00,NE,,165.00,,nedostupno
ResMed AirFit F40 CPAP maska za cijelo lice - Standard okvir s medium jastučićem,Product_0421fd45-acbd-4dc6-8ebc-d9d6ffe46128-Standard-okvir-s-medium-jastucicem,ResMed,,,165.00,NE,,165.00,,nedostupno
ResMed AirFit F40 CPAP maska za cijelo lice - Standard okvir sa small-wide jastučićem,Product_0421fd45-acbd-4dc6-8ebc-d9d6ffe46128-Standard-okvir-sa-small-wide-jastucicem,ResMed,,,165.00,NE,,165.00,,nedostupno
Resmed AirFit N20 nazalna maska za potpomognuto disanje CPAP - L,Product_7d9ce467-4999-4d2b-b798-5994e959db29-L,ResMed,,,80.00,NE,,80.00,,dostupno
Resmed AirFit N20 nazalna maska za potpomognuto disanje CPAP - M,Product_7d9ce467-4999-4d2b-b798-5994e959db29-M,ResMed,,,80.00,NE,,80.00,,dostupno
Resmed AirFit N20 nazalna maska za potpomognuto disanje CPAP - S,01MT0098,ResMed,,,80.00,NE,,80.00,619498635122,nedostupno
ResMed AirFit N30i nazalna CPAP maska - Small okvir Small jastučić,Product_daf49c75-4395-455f-a719-5f1f3a9ff24d-Small-okvir-Small-jastucic,ResMed,,,120.00,NE,,120.00,,nedostupno
ResMed AirFit N30i nazalna CPAP maska - Small okvir Small-Wide jastučić,Product_daf49c75-4395-455f-a719-5f1f3a9ff24d-Small-okvir-Small-Wide-jastucic,ResMed,,,120.00,NE,,120.00,,nedostupno
ResMed AirFit N30i nazalna CPAP maska - Standard okvir Medium jastučić,Product_daf49c75-4395-455f-a719-5f1f3a9ff24d-Standard-okvir-Medium-jastucic,ResMed,,,120.00,NE,,120.00,,nedostupno
ResMed AirFit N30i nazalna CPAP maska - Standard okvir Wide jastučić,Product_daf49c75-4395-455f-a719-5f1f3a9ff24d-Standard-okvir-Wide-jastucic,ResMed,,,120.00,NE,,120.00,,nedostupno
ResMed AirFit N30i zamjenski jastučić za CPAP masku Wide - Small,Product_ad0ca484-8f27-43bb-a768-4013c874af9d-Small,ResMed,,,55.00,NE,,55.00,,nedostupno
ResMed AirFit N30i zamjenski jastučić za CPAP masku Wide - Small-Wide,Product_ad0ca484-8f27-43bb-a768-4013c874af9d-Small-Wide,ResMed,,,55.00,NE,,55.00,,nedostupno
ResMed AirFit N30i zamjenski jastučić za CPAP masku Wide - Wide,01MT1026,ResMed,,,55.00,NE,,55.00,,dostupno
Resmed Airfit P10 CPAP maska s nazalnim jastučićem,1422,ResMed,,,105.00,NE,,105.00,,nedostupno
ResMed Airfit P30i CPAP maska s nazalnim jastučićima - Small okvir sa small jastučićem,Product_ef7fce28-1741-4233-8b7a-b341f3b35d6e-Small-okvir-sa-small-jastucicem,ResMed,,,115.00,NE,,115.00,,nedostupno
ResMed Airfit P30i CPAP maska s nazalnim jastučićima - Standard okvir Medium jastučić,Product_ef7fce28-1741-4233-8b7a-b341f3b35d6e-Standard-okvir-Medium-jastucic,ResMed,,,115.00,NE,,115.00,,nedostupno
ResMed Airfit P30i CPAP maska s nazalnim jastučićima - Standard okvir Wide jastučić,Product_ef7fce28-1741-4233-8b7a-b341f3b35d6e-Standard-okvir-Wide-jastucic,ResMed,,,115.00,NE,,115.00,,nedostupno
ResMed AirSense 10 AutoSet Auto CPAP uređaj,Product_6c7b5103-e24f-4c7a-b34c-2ee424a90a7d,ResMed,,,700.00,NE,,700.00,,nedostupno
ResMed AirSense 11 AutoSet Auto CPAP uređaj,Product_fa429736-878e-41db-b13e-0cccf6bdcaf9,ResMed,,,830.00,NE,,830.00,,nedostupno
ResMed AirSense 11 standardna CPAP posuda za vodu (ovlaživač),Product_166b89af-ad2f-4474-b034-1c78ad075a49,ResMed,,,150.00,NE,,150.00,,nedostupno
ResMed ClimateLineAir 11 grijano crijevo za AirSense 11,Product_c94986cc-093a-4640-9a16-d7ce2bdff020,ResMed,,,100.00,NE,,100.00,,nedostupno
ResMed Gecko jastučić za nos za CPAP maske - Large,01MT0423,ResMed,,,39.00,NE,,39.00,,dostupno
ResMed Gecko jastučić za nos za CPAP maske - Small,01MT0422,ResMed,,,39.00,NE,,39.00,,dostupno
ResMed HumidAir grijani CPAP ovlaživač zraka za AirSense 10 i AirCurve 10,01MT1061,ResMed,,,100.00,NE,,100.00,,nedostupno
"ResMed Mirage FX for Her, nazalna CPAP maska za žene - Small",Product_978cd413-a370-42c5-aac9-211d62af9ffe-Small,ResMed,,,69.00,NE,,69.00,,nedostupno
"ResMed Mirage FX for Her, nazalna CPAP maska za žene - Standard",01MT0117,ResMed,,,69.00,NE,,69.00,,dostupno
"ResMed Mirage FX, nazalna CPAP maska - Standard",01MT0116,ResMed,,,69.00,NE,,69.00,619498621170,dostupno
"ResMed Mirage FX, nazalna CPAP maska - Široka",Product_c8469b14-a61e-4128-8ad1-6a0ffcdad370-Siroka,ResMed,,,69.00,NE,,69.00,,dostupno
Ring O2 pulsni oksimetar,OXY-O2RING,Lepu Medical,,,170.00,NE,,170.00,,dostupno
Robooter X40 sklopiva električna ivalidska kolica,875040,,,,3099.00,NE,,3099.00,,nedostupno
Robust invalidska kolica,874002,Identites,,,230.00,NE,,230.00,,nedostupno
Ručka za kadu vakum 815230,OXY-815230,Identites,,,32.90,NE,,32.90,,nedostupno
Scooter Traveler Plus,824054,Identites,,,1699.00,NE,,1699.00,,nedostupno
Senzorska noćna prostirka - 100cm*50cm,819236,,,,195.00,NE,,195.00,,nedostupno
Senzorska noćna prostirka - 80cm*40cm,819241,,,,170.00,NE,,170.00,,nedostupno
Separator prsta,1443,Deramed,,,4.90,NE,,4.90,,dostupno
Separator prsta 115049.S,OXY-115049.S,Deramed,,,4.90,NE,,4.90,,dostupno
Separator prsta 115050.S,OXY-115050.S,Deramed,,,9.00,NE,,9.00,,dostupno
Separator prsta 115051.S,OXY-115051.S,Identites,,,5.90,NE,,5.90,,dostupno
Separator prsta 115052,OXY-115052,Deramed,,,9.90,NE,,9.90,,dostupno
Separator prsta 115053,OXY-115053,Deramed,,,8.90,NE,,8.90,,dostupno
Separator prsta 115054,OXY-115054,Deramed,,,0.00,NE,,0.00,,nedostupno
Separator prsta 115056.S,OXY-115056.S,Deramed,,,7.90,NE,,7.90,,dostupno
Separator prsta 115057.S,6908243,Deramed,,,5.18,NE,,5.18,,dostupno
Siguronosni rukohvat 815080 - 30 cm,OXY-815080,Identites,,,9.80,NE,,9.80,,dostupno
Siguronosni rukohvat 815080 - 40 cm,siguronosni-rukohvat-815080-40-cm,Identites,,,102.00,NE,,102.00,,nedostupno
Siguronosni rukohvat 815080 - 45 cm,siguronosni-rukohvat-815080-45-cm,Identites,,,10.90,NE,,10.90,,dostupno
Siguronosni rukohvat 815080 - 60 cm,siguronosni-rukohvat-815080-60-cm,Identites,,,15.00,NE,,15.00,,dostupno
Simplex Lift stolić za hranjenje 823121,OXY-823121,Identites,,,95.00,NE,,95.00,,dostupno
Sklopiva hodalica bez kotača 826068,OXY-826068,Identites,,,68.00,NE,,68.00,,dostupno
Sklopivi štap alarm svjetlo,816091,Identites,,,25.00,NE,,25.00,,dostupno
Sklopivi štap Cvijet 816069.B,OXY-816069.B,Identites,,,25.00,NE,,25.00,,dostupno
Sklopivi štap Kava 816068,OXY-816068,Identites,,,25.00,NE,,25.00,,dostupno
Sklopivi štap Leopard 816069LE,OXY-816069LE,Identites,,,25.00,NE,,25.00,,dostupno
Skuter Traveler Maxi - Crna,824049NOIR,Identites,,,3199.00,NE,,3199.00,,nedostupno
Skuter Traveler Maxi - Crvena,824049ROUGE,Identites,,,3199.00,NE,,3199.00,,nedostupno
"SomnoSept sredstvo za čišćenje CPAP opreme, 400mL",01CA0001,,,,13.17,NE,,13.17,,nedostupno
Sprava za navlačenje čarapa 819175,OXY-819175,Identites,,,29.90,NE,,29.90,,dostupno
Sprej za hlađenje,802063,Identites,,,7.50,NE,,7.50,,dostupno
Stepenice za kadu Moorea 812225,OXY-812225,Identites,,,45.00,NE,,45.00,,dostupno
Stolica za tuširanje Bora 812267,OXY-8122267,Identites,,,55.90,NE,,55.90,,dostupno
Tempur Original jastuk medium,955,Tempur,,,163.00,NE,,163.00,,dostupno
TENS EM 49,OXY-838021,Beurer,,,79.00,NE,,79.00,,dostupno
Tlakomjer 861230,OXY-861230,Identites,,,39.90,NE,,39.90,,dostupno
Tlakomjer za zapešće 861185,OXY-861185,Identites,,,24.90,NE,,24.90,,dostupno
Viseća sjedalica za kadu,812240,Identites,,,48.00,NE,,48.00,,nedostupno
Zero Metal invalidska kolica,825034,,,,790.00,NE,,790.00,,nedostupno
Štaka Tukan - Plava,816004.B,Identites,,,16.50,NE,,16.50,,nedostupno
Štaka Tukan - Siva,816004.G,Identites,,,16.50,NE,,16.50,,dostupno
Štaka Tukan - Tirkizna,816004.T,Identites,,,16.50,NE,,16.50,,dostupno
Štap sa 4 kraka,OXY-816038,Identites,,,22.90,NE,,22.90,,dostupno
